ID,Price,sendOn,order_id
1,200.0,2020-10-16T23:43:56.414,2020-10-16T23:43:56.414
2,400.0,2020-10-16T23:44:23.058,2020-10-16T23:44:23.058
3,200.0,2020-11-04T23:19:02.364582900,2020-11-04T23:19:02.364582900
4,250.0,2020-11-04T23:21:34.148055500,2020-11-04T23:21:34.148055500
5,100.0,2020-11-10T15:08:31.035644500,2020-11-10T15:08:31.035644500
6,100.0,2020-11-10T15:09:22.781044,2020-11-10T15:09:22.781044
7,100.0,2020-11-10T15:10:37.767514700,2020-11-10T15:10:37.766517
8,1000.0,2020-11-10T15:12:00.485532800,-999999999-01-01T00:00
9,100.0,2020-11-15T23:57:59.823,-999999999-01-01T00:00
10,200.0,2020-11-15T23:58:04.947,2020-11-15T23:58:04.947
